rec_id,contact,auth_hash,display_name,tax_ref,role_code,dept_code,compensation,reg_date,last_active
1,bG1lcnRlLmJvdXJndWlnbm9uQHNmbGJzLmNvbS5icg==,$2b$12$kX8mN9pL3qR7sT1uV5wY8eZaBcDeFgHiJkLmNoPqRsTuVwXyZ123,TGllcnRlIEJvdXJndWlnbm9u,***.456.789-**,C01,D00,ODUwMDA=,2018-01-15,2026-01-28
2,Y2FybG9zLm1lbmRlc0BzZmxicy5jb20uYnI=,$2b$12$aB3cD4eF5gH6iJ7kL8mN9oQpRsTuVwXyZaBcDeFgHiJkLm456,Q2FybG9zIEhlbnJpcXVlIE1lbmRlcw==,***.789.123-**,C02,D01,NDUwMDA=,2019-03-22,2026-01-27
3,YW5hLnNpbHZhQHNmbGJzLmNvbS5icg==,$2b$12$pQ1rS2tU3vW4xY5zA6bC7dEfGhIjKlMnOpQrStUvWxYz789,QW5hIEx1Y2lhIFNpbHZh,***.234.567-**,C03,D02,NDIwMDA=,2019-05-08,2026-01-28
4,cGVkcm8uc2FudG9zQHNmbGJzLmNvbS5icg==,$2b$12$eF8gH9iJ0kL1mN2oP3qR4sTuVwXyZaBcDeFgHiJkLmNoP012,UGVkcm8gQXVndXN0byBTYW50b3M=,***.567.890-**,C04,D03,MzgwMDA=,2020-02-14,2026-01-26
5,bWFyaWFuYS5jb3N0YUBzZmxicy5jb20uYnI=,$2b$12$tU5vW6xY7zA8bC9dE0fG1hIjKlMnOpQrStUvWxYzAbCd345,TWFyaWFuYSBDb3N0YSBPbGl2ZWlyYQ==,***.890.234-**,C05,D04,MTg1MDA=,2020-07-20,2026-01-25
6,ZmVybmFuZG8ubGltYUBzZmxicy5jb20uYnI=,$2b$12$xY9zA0bC1dE2fG3hI4jK5lMnOpQrStUvWxYzAbCdEfGh678,RmVybmFuZG8gTGltYSBSb2RyaWd1ZXM=,***.123.456-**,C06,D05,MTI4MDA=,2021-01-10,2026-01-28
7,anVsaWFuYS5mZXJyZWlyYUBzZmxicy5jb20uYnI=,$2b$12$bC2dE3fG4hI5jK6lM7nO8pQrStUvWxYzAbCdEfGhIjKl901,SnVsaWFuYSBGZXJyZWlyYSBBbHZlcw==,***.345.678-**,C07,D06,MTQ1MDA=,2021-04-05,2026-01-24
8,cmljYXJkby5wZXJlaXJhQHNmbGJzLmNvbS5icg==,$2b$12$fG5hI6jK7lM8nO9pQ0rS1tUvWxYzAbCdEfGhIjKlMnOp234,UmljYXJkbyBTYW50b3MgUGVyZWlyYQ==,***.678.901-**,C08,D07,MTEyMDA=,2022-06-18,2026-01-27
9,Y2FtaWxhLnJvY2hhQHNmbGJzLmNvbS5icg==,$2b$12$jK8lM9nO0pQ1rS2tU3vW4xYzAbCdEfGhIjKlMnOpQrSt567,Q2FtaWxhIEFsbWVpZGEgUm9jaGE=,***.901.234-**,C09,D08,OTgwMA==,2022-09-03,2026-01-28
10,dGhpYWdvLnJpYmVpcm9Ac2ZsYnMuY29tLmJy,$2b$12$nO1pQ2rS3tU4vW5xY6zA7bCdEfGhIjKlMnOpQrStUvWx890,VGhpYWdvIFJpYmVpcm8gQ29zdGE=,***.234.567-**,C10,D09,NjUwMA==,2023-02-25,2026-01-23
11,cGF0cmljaWEuZ29tZXNAc2ZsYnMuY29tLmJy,$2b$12$rS4tU5vW6xY7zA8bC9dE0fGhIjKlMnOpQrStUvWxYzAb123,UGF0cmljaWEgR29tZXMgTnVuZXM=,***.567.890-**,C11,D10,NzIwMA==,2023-05-12,2026-01-27
12,dGlAc2ZsYnMuY29tLmJy,$2b$12$vW7xY8zA9bC0dE1fG2hI3jKlMnOpQrStUvWxYzAbCdEf456,U2VydmljZSBBY2NvdW50,***.000.000-**,SVC,D01,MA==,2018-01-01,2026-01-28
# remaining 488 records available - see INFO.md for access
